{"cameraMode":{"drawMode":0,"name":"Shaded","section":"Shading Mode"},"sceneLighting":true,"audioPlay":false,"sceneViewState":{"m_AlwaysRefresh":false,"showFog":true,"showSkybox":true,"showFlares":true,"showImageEffects":true,"showParticleSystems":true,"showVisualEffectGraphs":true,"m_FxEnabled":true},"in2DMode":false,"pivot":{"x":0.2799999713897705,"y":1.179999828338623,"z":-0.00700002908706665},"rotation":{"x":-0.22805386781692506,"y":0.5526604056358337,"z":-0.16047653555870057,"w":-0.7853868007659912},"size":2.740908622741699,"orthographic":true}